"Document Title",Authors,"Author Affiliations","Publication Title",Date Added To Xplore,"Publication Year","Volume","Issue","Start Page","End Page","Abstract","ISSN",ISBNs,"DOI",Funding Information,PDF Link,"Author Keywords","IEEE Terms","Mesh_Terms",Article Citation Count,Patent Citation Count,"Reference Count","License",Online Date,Issue Date,"Meeting Date","Publisher",Document Identifier
"Quantum Algorithms for the Physical Layer: Potential Applications to Physical Layer Security","T. Matsumine; H. Ochiai; J. Shikata","Institute of Advanced Sciences, Yokohama National University, Yokohama, Japan; Graduate School of Engineering, Osaka University, Osaka, Japan; Graduate School of Environment and Information Sciences, Yokohama National University, Yokohama, Japan",IEEE Access,"24 Jan 2025","2025","13","","13988","14009","The field of quantum technologies has garnered considerable interest and witnessed noteworthy progress in recent years. It is also anticipated that these technologies will continue to flourish and exert a considerable influence on society, i.e., a plethora of real-world problems that cannot be solved by classical algorithms are believed to benefit from the implementation of quantum algorithms. Meanwhile, as an alternative to cryptographic methods, physical layer security (PLS) has been extensively studied as a means to realize secure wireless communication that is resistant to attacks by both classical and quantum computers, i.e., quantum-safe. While the prevailing approach to PLS has been based on classical algorithms, this could potentially be accelerated by the application of quantum algorithms. This paper examines the potential applications of various quantum algorithms, including quantum annealing, hybrid quantum-classical algorithms, and Grover-based algorithms, to the the PLS problems. In particular, we begin with a concise overview of their applications to physical layer techniques and then proceed to discuss their use in addressing the challenges of secret message transmission and secret key generation from wireless channels.","2169-3536","","10.1109/ACCESS.2025.3528443","Ministry of Internal Affairs and Communications, Japan, through the Contract of “Research and Development on New Generation Cryptography for Secure Wireless Communication Services” Among “Research and Development for Expansion of Radio Wave Resources”(grant numbers:JPJ000254); ","https://ieeexplore.ieee.org/stamp/stamp.jsp?arnumber=10838522","Hybrid quantum-classical algorithms;multi-input multi-output (MIMO);physical layer security (PLS);quantum algorithms;quantum annealing (QA);quantum approximate optimization algorithm (QAOA);reconfigurable intelligent surface (RIS);secret key generation (SKG)","Logic gates;Quantum computing;Quantum algorithm;Optimization;Annealing;Qubit;Quantum annealing;Cryptography;Computers;Approximation algorithms","","10","","255","CCBY","13 Jan 2025","2025","","IEEE","IEEE Journals"
"Secure Multiuser Communications with Stacked Intelligent Metasurfaces using Quantum Reinforcement Learning","L. -H. Hoang; M. -H. Pham; Q. -T. Luu; V. -D. Nguyen","College of Engineering & Computer Science, VinUniversity, Vietnam; College of Engineering & Computer Science, VinUniversity, Vietnam; CNRS, CentraleSupélec, Laboratoire des Signaux et Systèmes, Université Paris-Saclay, Gif-sur-Yvette, France; College of Engineering & Computer Science, VinUniversity, Vietnam",2025 International Conference on Advanced Technologies for Communications (ATC),"5 Dec 2025","2025","","","1","6","In this paper, we investigate a secure multiple-input single-output communication system empowered by stacked intelligent metasurfaces, comprising a base station, multiple users, and an eavesdropper. The base station leverages stacked intelligent metasurfaces to enhance physical layer security. Specifically, we consider a practical scenario where the BS has imperfect knowledge of the eavesdropper’s channel, introducing uncertainty into the system. Under this condition, the goal is to jointly optimize power allocation and stacked intelligent metasurfaces phase shifts to maximize the average secrecy rate across users. This optimization problem is highly non-convex and complicated further due to the dynamic wireless environment and channel state information uncertainty. To tackle these challenges, we propose a quantum reinforcement learning approach that learns optimal power and phase configurations. Simulation results demonstrate that the proposed QRL-based method significantly outperforms conventional baselines in terms of both adaptability and secrecy performance.","2162-1039","979-8-3315-8698-0","10.1109/ATC67618.2025.11268562","","https://ieeexplore.ieee.org/stamp/stamp.jsp?arnumber=11268562","Physical layer security;quantum reinforcement learning;stacked intelligent metasurfaces","Base stations;Uncertainty;Heuristic algorithms;Simulation;Reinforcement learning;Physical layer security;Metasurfaces;MISO;Resource management;Optimization","","1","","19","IEEE","5 Dec 2025","16-18 Oct. 2025","16-18 Oct. 2025","IEEE","IEEE Conferences"
"Towards Quantum Efficient Training for Radio Frequency Fingerprint Identification","T. T. An; G. Yin; J. Zhang; Y. Ding; T. Q. Duong; S. L. Cotton","Centre for Wireless Innovation (CWI), Queen’s University Belfast, Belfast, U.K.; Centre for Wireless Innovation (CWI), Queen’s University Belfast, Belfast, U.K.; School of Computer Science and Informatics, University of Liverpool, Liverpool, U.K.; Institute of Sensors, Signals and Systems (ISSS), Heriot-Watt University, Edinburgh, U.K.; Centre for Wireless Innovation (CWI), Queen’s University Belfast, Belfast, U.K.; Centre for Wireless Innovation (CWI), Queen’s University Belfast, Belfast, U.K.",2026 IEEE International Conference on Communications Workshops (ICC Workshops),"15 Jul 2026","2026","","","1","6","Radio frequency fingerprint identification (RFFI) is an emerging physical-layer method for authenticating devices through their unique hardware impairments. Deep learning (DL) is widely used to identify devices based on their signal transmissions. However, training DL models is resource-intensive because it requires repeated updates to numerous parameters, which becomes particularly problematic in resource-constrained environments. In this paper, we propose quantum-assisted training (QAST), a framework that addresses training inefficiencies in RFFI systems. QAST integrates a quantum neural network with a classical neural network to generate parameters for a DL model. Compared to traditional training methods, this indirect training strategy substantially decreases the number of trainable parameters, thereby mitigating the overall computational and resource demands. Experimental results show that QAST enables training an RFFI model with 90% fewer trainable parameters than traditional training approaches, while maintaining comparable classification accuracy.","2694-2941","979-8-3315-7624-0","10.1109/ICCWorkshops63917.2026.11586252","Innovate UK; Engineering and Physical Sciences Research Council; ","https://ieeexplore.ieee.org/stamp/stamp.jsp?arnumber=11586252","Device authentication;quantum machine learning;radio frequency fingerprint identification (RFFI);training optimization","Modeling;Training;Convolutional neural networks;Qubit;Equations;Fingerprint recognition;Timing;Radio frequency;Printing;Tagging","","1","","15","IEEE","15 Jul 2026","24-28 May 2026","24-28 May 2026","IEEE","IEEE Conferences"
"Wireless Security Enhancement Framework Based on AI and RIS in Industrial IoT Networks","R. Zhao; H. Song; H. Wen; Z. Chen; W. Hou; X. Feng","School of Aeronautics and Astronautics, the Aircraft Swarm Intelligent Sensing and Cooperative Control Key Laboratory of Sichuan Province, and the Sichuan Provincial Engineering Research Center of Communication Technology for Intelligent IoT, University of Electronic Science and Technology of China, Chengdu, China; School of Aeronautics and Astronautics, the Aircraft Swarm Intelligent Sensing and Cooperative Control Key Laboratory of Sichuan Province, and the Sichuan Provincial Engineering Research Center of Communication Technology for Intelligent IoT, University of Electronic Science and Technology of China, Chengdu, China; School of Aeronautics and Astronautics, the Aircraft Swarm Intelligent Sensing and Cooperative Control Key Laboratory of Sichuan Province, and the Sichuan Provincial Engineering Research Center of Communication Technology for Intelligent IoT, University of Electronic Science and Technology of China, Chengdu, China; School of Aeronautics and Astronautics, the Aircraft Swarm Intelligent Sensing and Cooperative Control Key Laboratory of Sichuan Province, and the Sichuan Provincial Engineering Research Center of Communication Technology for Intelligent IoT, University of Electronic Science and Technology of China, Chengdu, China; School of Aeronautics and Astronautics, the Aircraft Swarm Intelligent Sensing and Cooperative Control Key Laboratory of Sichuan Province, and the Sichuan Provincial Engineering Research Center of Communication Technology for Intelligent IoT, University of Electronic Science and Technology of China, Chengdu, China; School of Aeronautics and Astronautics, the Aircraft Swarm Intelligent Sensing and Cooperative Control Key Laboratory of Sichuan Province, and the Sichuan Provincial Engineering Research Center of Communication Technology for Intelligent IoT, University of Electronic Science and Technology of China, Chengdu, China",IEEE Network,"14 Jul 2025","2025","39","4","29","36","Reconfigurable Intelligent Surface (RIS) technology, closely integrated with Artificial Intelligence (AI) as one of the Physical Layer (PL) technology approaches, is considered an effective solution for enhancing security in industrial Internet of Things (IIoT) networks. Integrating RIS, AI, and heterogeneous IIoT networks presents a promising approach to improving the security of wireless communications in IIoT. This paper discusses new AI-based Physical Layer Authentication (PLA) approaches and how they can be integrated with RIS to enable identity authentication and malicious node detection, aiming to provide light-weight isolation in IIoT terminals. An anti-jamming and secure communication framework for IIoT is proposed, which leverages Deep Reinforcement Learning (DRL) and RIS to defend against malicious jamming and eavesdropping targeting legitimate users’ channels. Additionally, a foundational framework that employs Quantum Reinforcement Learning (QRL) is presented to improve RIS-assisted secure communication. Furthermore, the threats posed by Generative AI (GAI) to RIS-assisted IIoT communication networks and possible defense schemes are provided. Finally, the paper concludes by discussing research opportunities and future challenges.","1558-156X","","10.1109/MNET.2025.3543829","National Natural Science Foundation of China(grant numbers:62201132,U23B2021); ","https://ieeexplore.ieee.org/stamp/stamp.jsp?arnumber=10896740","Physical layer authentication;Industrial internet of things (IIoT);Reconfigurable intelligent surface;Artificial intelligence","Industrial Internet of Things;Artificial intelligence;Wireless communication;Security;Authentication;Physical layer;Feature extraction;Communication system security;Fingerprint recognition;Jamming;Reconfigurable intelligent surfaces","","11","","15","IEEE","20 Feb 2025","July 2025","","IEEE","IEEE Magazines"
"A Quantum-Optimized Training Framework for Radio Frequency Fingerprint Identification","T. Truong An; G. Yin; J. Zhang; Y. Ding; T. Q. Duong; S. L. Cotton","Centre for Wireless Innovation (CWI), School of Electronics, Electrical Engineering and Computer Science, Queen’s University Belfast, Belfast, U.K.; Centre for Wireless Innovation (CWI), School of Electronics, Electrical Engineering and Computer Science, Queen’s University Belfast, Belfast, U.K.; School of Computer Science and Informatics, University of Liverpool, Liverpool, U.K.; Institute of Sensors, Signals and Systems (ISSS), Heriot-Watt University, Edinburgh, U.K.; Centre for Wireless Innovation (CWI), School of Electronics, Electrical Engineering and Computer Science, Queen’s University Belfast, Belfast, U.K.; Centre for Wireless Innovation (CWI), School of Electronics, Electrical Engineering and Computer Science, Queen’s University Belfast, Belfast, U.K.",IEEE Journal on Selected Areas in Communications,"10 Jul 2026","2026","44","","5327","5340","Radio frequency fingerprint identification (RFFI) offers a promising physical-layer method to authenticate devices based on unique hardware impairments. However, existing RFFI systems use deep learning (DL) models that are resource-intensive. Training is particularly demanding, requiring repeated updates to a large number of parameters. In this paper, we introduce a quantum-assisted training (QAST) framework to address training inefficiencies in RFFI. QAST integrates a quantum neural network (QNN) with a mapping network to generate parameters for a classical DL model. This indirect training strategy substantially reduces the number of trainable parameters and the overall memory requirements compared to direct training of the DL model. We achieve this by introducing a multimodal mapping network that effectively learns the QNN output. This network generates multiple classical parameters from a shared quantum representation, thereby reducing qubit requirements and lowering the risk of barren-plateau-related trainability degradation. We also propose a new embedding method that reduces the size of the embedding matrix and yields a 15% to 30% reduction in training time. The tailored QAST framework trains the RFFI model with only 10% of the original number of parameters while maintaining comparable accuracy, thereby substantially reducing memory and computational overhead and enabling efficient training or retraining in resource-limited environments.","1558-0008","","10.1109/JSAC.2026.3706263","Cyber-AI Hub Doctoral Training Program at the Centre for Secure Information Technologies (CSIT), Queen's University Belfast; U.K. Government as part of the New Deal for Northern Ireland, and administered by Innovate UK, part of UK Research and Innovation (UKRI); U.K. Engineering and Physical Sciences Research Council (EPSRC), through the EPSRC Hub on All Spectrum Connectivity(grant numbers:EP/X040569/1,EP/Y037197/1); Canada Excellence Research Chair (CERC) Program(grant numbers:CERC-2022-00109); Natural Sciences and Engineering Research Council of Canada (NSERC) Discovery Grant Program(grant numbers:RGPIN-2025-04941); NSERC CREATE Program(grant numbers:596205-2025); ","https://ieeexplore.ieee.org/stamp/stamp.jsp?arnumber=11575585","Device authentication;model compression;quantum machine learning;radio frequency fingerprint identification (RFFI);training optimization","Modeling;Training;Qubit;Timing;Fingerprint recognition;Radio frequency;Accuracy;Convolutional neural networks;Probability;Matrices","","1","","50","IEEE","23 Jun 2026","2026","","IEEE","IEEE Journals"
"LoRa Radio Frequency Fingerprinting Identification Using a Hybrid Quantum-Classical Neural Network","T. T. An; S. L. Cotton; J. Zhang; Y. Ding; T. Q. Duong","Centre for Wireless Innovation (CWI), Queen’s University Belfast, Belfast, U.K; Centre for Wireless Innovation (CWI), Queen’s University Belfast, Belfast, U.K; Department of Electrical Engineering and Electronics, University of Liverpool, Liverpool, U.K; Institute of Sensors, Signals and Systems (ISSS), Heriot-Watt University, Edinburgh, U.K; Centre for Wireless Innovation (CWI), Queen’s University Belfast, Belfast, U.K",2024 IEEE 100th Vehicular Technology Conference (VTC2024-Fall),"28 Nov 2024","2024","","","1","6","Radio frequency fingerprint identification is a promising technique for device authentication that relies on the unique radio frequency fingerprint features caused by hardware impairments. Existing radio frequency fingerprint identification models usually contain a significant number of trainable parameters, making them undesirable for Internet of Things applications. In this paper, we augment a classical neural network by introducing an intermediary quantum neural network stage to enhance the authentication of Internet of Things devices using radio frequency fingerprint features. The model is based on the combination of quantum and classical machine learning and benefits from a significantly smaller number of trainable parameters. Empirical results show that our proposed model not only achieves a much smaller footprint (in terms of device memory) but also delivers competitive accuracy to conventional deep learning approaches. It therefore shows much promise as a solution for securing networks which feature resource-constrained Internet of Things devices.","2577-2465","979-8-3315-1778-6","10.1109/VTC2024-Fall63153.2024.10757594","","https://ieeexplore.ieee.org/stamp/stamp.jsp?arnumber=10757594","Deep learning;device authentication;hybrid quantum-classical machine learning;Internet of Things","Performance evaluation;Quantum computing;Accuracy;Computational modeling;Neural networks;LoRa;Fingerprint recognition;Hardware;Internet of Things;Radiofrequency identification","","7","","24","IEEE","28 Nov 2024","7-10 Oct. 2024","7-10 Oct. 2024","IEEE","IEEE Conferences"
"Secure Near-Field Location Division Multiple Access via Quantum-Classical Learning Workflow","Q. M. Nguyen; B. Narottama; M. -H. T. Nguyen; V. Sharma; Q. N. Le; T. Q. Duong","Faculty of Engineering and Applied Science, Memorial University, St. John’s, NL, Canada; Faculty of Engineering and Applied Science, Memorial University, St. John’s, NL, Canada; School of Electronics, Electrical Engineering and Computer Science, Queen’s University Belfast, Belfast, U.K.; School of Electronics, Electrical Engineering and Computer Science, Queen’s University Belfast, Belfast, U.K.; Faculty of Engineering and Applied Science, Memorial University, St. John’s, NL, Canada; Faculty of Engineering and Applied Science, Memorial University, St. John’s, NL, Canada",IEEE Internet of Things Journal,"8 Jul 2026","2026","13","14","32185","32199","This study realizes secure near-field location division multiple access (LDMA) through employing both a variational quantum circuit and a nature-inspired algorithm. With the escalating demands of the sixth generation (6G) and beyond, there is growing interest in using large numbers of antenna elements, making near-field communications (NFCs) more practical Seizing this opportunity, we leverage NFCs for a distinct multiple access technique, termed LDMA, which capitalizes on spatial orthogonality to distinguish users by both angle and distance. Nevertheless, relying on beamforming to direct signals to distinct users poses a clear physical-layer security risk: adversaries might eavesdrop on messages intended for legitimate users, prompting the need to optimize beamforming to enhance security while adhering to wireless systems’ constraints. To make matters worse, conventional approaches typically entail multiple matrix inversions, and the optimization problem is far from trivial to solve due to its nonconvexity and NP-hardness. To this end, our solution leverages variational quantum circuits (VQC), motivated by the potential benefits offered by quantum computing. On top of that, we improve upon the existing VQC workflows by integrating a classical algorithm, particularly, the differential evolution algorithm, thereby reducing quantum computational resource demands while maintaining high exploration efficiency. We further investigate how different quantum circuit depths influence the balance between expressibility and convergence. Simulation results reveal that our proposed scheme consistently outperforms conventional benchmarks in terms of secrecy rates, while simultaneously satisfying quality-of-service (QoS) constraints and power allocation requirements.","2327-4662","","10.1109/JIOT.2026.3690067","Canada Excellence Research Chair (CERC) Program(grant numbers:CERC-2022-00109); Natural Sciences and Engineering Research Council of Canada Discovery Grant Program(grant numbers:RGPIN-2025-04941); NSERC CREATE Program(grant numbers:596205-2025); USA-Ireland Research and Development Partnership Program under Northern Ireland’s Department for the Economy (DfE) through the Project MAARS: Multi-Bessel Antenna with Liquid Crystal Reconfiguration for Angle-Range Secure Communication; Horizon Europe Marie Skłodowska-Curie Actions (MSCA) through the Advanced Network Connectivity Using Harmonious Optical and Radio Technologies(grant numbers:101227604); ","https://ieeexplore.ieee.org/stamp/stamp.jsp?arnumber=11505869","Location division multiple access (LDMA);near-field communications (NFCs);physical layer security (PLS);variational quantum circuits (VQC)","Jamming;Antennas;Apertures;Propagation losses;Transmitting antennas;Aperture antennas;Antenna arrays;Antennas and propagation;Electromagnetic propagation;Feeds","","","","60","IEEE","4 May 2026","15 July15, 2026","","IEEE","IEEE Journals"
"STAR-RIS-Assisted Covert Communications in RSMA Networks: A Quantum Reinforcement Learning Approach","J. Li; X. Wang; J. Wu; Z. Ning; S. Guo","Graduate School of Information, Production and Systems, Waseda University, Fukuoka, Japan; School of Communications and Information Engineering, Chongqing University of Posts and Telecommunications, Chongqing, China; Graduate School of Information, Production and Systems, Waseda University, Fukuoka, Japan; School of Communications and Information Engineering, Chongqing University of Posts and Telecommunications, Chongqing, China; Department of Computer Science and Engineering, The Hong Kong University of Science and Technology, Hong Kong SAR, China",IEEE Transactions on Mobile Computing,"6 Jul 2026","2026","25","8","11723","11740","Due to its capability to ensure communication security and improve spectral efficiency, Simultaneously Transmitting and Reflecting Reconfigurable Intelligent Surface (STAR-RIS)-assisted covert communications in Rate-Splitting Multiple Access (RSMA) networks have drawn widespread attention. However, existing studies often overlook the impact of the mobility of wardens and users on long-term covert performance, and lack joint optimization of covert rate and energy consumption. Meanwhile, introducing STAR-RIS significantly increases system parameter dimensionality, rendering traditional methods inefficient. Although reinforcement learning offers advantages, it still faces challenges in training efficiency and resource overhead within high-dimensional state-action spaces. Therefore, this paper proposes a quantum reinforcement learning-based algorithm, named QUERC, for STAR-RIS-assisted covert communications in RSMA networks. Specifically, we first formulate a long-term covert energy efficiency maximization problem under a dynamic environment with mobile users and wardens. Then, we propose a novel hybrid quantum neural network architecture to solve this problem. This architecture integrates a fully connected layer, a variational quantum circuit, an action post-processing mechanism, and a regularized objective, enhancing policy stability and generalization in high-dimensional action spaces. Finally, extensive experiments demonstrate that, compared with TPG, QPG, RIS-NOMA, RPS, and greedy approaches, QUERC algorithm achieves superior average covert energy efficiency and offers significant advantages in computational and inference performance.","1558-0660","","10.1109/TMC.2026.3666828","JST SPRING(grant numbers:JPMJSP2128); JSPS KAKENHI(grant numbers:23K11072); Telecommunications Advancement Foundation; National Natural Science Foundation of China(grant numbers:62272075,62221005); Natural Science Foundation of Chongqing(grant numbers:CSTB2025NSCQ-LZX0050,CSTB2024NSCQ-JQX0013,CSTB2024NSCQ-QCXMX0058); ","https://ieeexplore.ieee.org/stamp/stamp.jsp?arnumber=11404429","Covert communications;quantum reinforcement learning;rate-splitting multiple access (RSMA);simultaneously transmitting and reflecting reconfigurable intelligent surface","Optimization;Energy efficiency;Resource management;Interference;Wireless communication;Training;Base stations;Reinforcement learning;Heuristic algorithms;Security","","2","","54","IEEE","20 Feb 2026","Aug. 2026","","IEEE","IEEE Journals"
"Hybrid Quantum Federated Learning-Based Routing in USV-Aided Tactical FANETs","A. A. Okine; Silvirianti; G. Kaddoum; S. Singh","Department of Electrical Engineering, École de Technologie Supérieure, Montreal, QC, Canada; Department of Electrical Engineering, École de Technologie Supérieure, Montreal, QC, Canada; Department of Electrical Engineering, École de Technologie Supérieure, Montreal, QC, Canada; Communications Division, Ultra I&C, Montreal, QC, Canada",IEEE Internet of Things Journal,"8 Jul 2026","2026","13","14","31793","31808","Tactical flying ad hoc networks (T-FANETs) are mission-critical networks that connect mobile airborne platforms, such as tactical uncrewed aerial vehicles (TUAVs), to enhance operations at the tactical edge. These networks are vulnerable to adversarial attacks, node failures, intermittent connectivity, and frequent topology variations, which make packet routing challenging. Due to the complex nature of T-FANETs, classical routing methods, which rely on sequential processing, require longer processing times to discover optimal routes, which can hinder mission effectiveness in fast-paced military operations. In this article, we propose hybrid quantum federated learning (HQFL) to address the high computational complexity and long processing times of classical approaches. The proposed HQFL-based routing solution uses the computational power of quantum computing (QC) and the scalability of classical neural networks to develop routing agents with hybrid quantum circuits (HQCs) in order to accelerate the learning of optimal routes. Uncrewed surface vehicles (USVs) are then used as parameter servers to collaboratively train lightweight HQC models for routing in T-FANETs operating in maritime environments. In addition, we design an adversarial model that combines mobile jamming and physical attacks on TUAVs and evaluate the performance of the proposed routing scheme under these attacks. Our simulation results show that the proposed HQFL-based approach outperforms classical federated learning (FL) algorithms, reducing communication overhead by 95%, lowering end-to-end (E2E) delay by 9.43%, and improving the packet delivery ratio (PDR) and routing energy efficiency by 39.6% and 52.6%, respectively.","2327-4662","","10.1109/JIOT.2026.3688164","ULTRA TCS Research Chair on Intelligent Tactical Wireless Networks for Challenging Environments; National Natural Sciences and Engineering Research Council of Canada (NSERC)(grant numbers:CRDPJ 538896-19); ","https://ieeexplore.ieee.org/stamp/stamp.jsp?arnumber=11495143","Federated learning (FL);jamming;quantum reinforcement learning (QRL);routing;tactical flying ad hoc networks (T-FANETs);uncrewed aerial systems (UASs)","Jamming;Electronic warfare;Missiles;Space exploration;Electronic countermeasures;Feeds;Antennas;Broadcasting;Broadcast technology;Circuits","","","","50","IEEE","27 Apr 2026","15 July15, 2026","","IEEE","IEEE Journals"
"Secrecy Maximization for Pico Edge Users in 5G Backhaul HWNs: A Quantum RL Approach","H. Sharma; Pulkit; G. Sharma; N. Kumar","Computer Science and Engineering Department, Thapar Institute of Engineering and Technology, Patiala, Punjab, India; MAQ Software, Hyderabad; School of Computer Science Engineering and Technology, Bennett University, Greater Noida, India; Computer Science and Engineering Department, Thapar Institute of Engineering and Technology, Patiala, Punjab, India",2022 IEEE International Conference on Advanced Networks and Telecommunications Systems (ANTS),"28 Aug 2023","2022","","","207","212","Picocells can enhance the capacity and spectral efficiency of heterogeneous wireless networks (HWNs) and reduce user equipment (UE) power consumption. Also, the wireless backhaul technology has emerged as an efficient way to boost the data rate in dense 5G HWNs. However, due to the dynamic and distributed nature of 5G HWNs, pico edge users (PEUs) cannot resist the eavesdropping attempts. Moreover, the PEUs are located far away from the PBS and receive considerably low signal-to-interference-plus-noise ratio (SINR) values. Thus, it is critical to improve the achievable secrecy rate (SR) of PEUs for reliable and secure transmission of confidential data in the existence of eavesdroppers. Aiming to enhance the SR of PEUs, this paper formulates a joint optimization problem of beamforming and power allocation of millimeter-wave (mmWave)enabled pico base station (PBS) having backhaul wireless links with macro base station (MBS). As the system is diverse and complex, addressing this non-convex optimization problem directly is challenging. Thus, we have used the Markov decision process (MDP) to transform this optimization problem into a multi-agent reinforcement learning (MARL) problem. Then, to determine the optimal policy for MARL problem of beamforming and power allocation, we propose a Quantum reinforcement learning (QRL) approach. It uses quantum parallelism and state superposition principles to maximize the SR of PEUs. Simulation results indicate that the proposed scheme achieves 28.12% and 7.9% better secrecy rate than MAQL and MADQL schemes, respectively.","2153-1684","978-1-6654-7340-8","10.1109/ANTS56424.2022.10227807","","https://ieeexplore.ieee.org/stamp/stamp.jsp?arnumber=10227807","QRL;PEUs;mmWave;HWNs;Backhaul;Secrecy rate.","Base stations;5G mobile communication;Array signal processing;Reinforcement learning;Resource management;Communication system security;Millimeter wave communication","","1","","23","IEEE","28 Aug 2023","18-21 Dec. 2022","18-21 Dec. 2022","IEEE","IEEE Conferences"
"Enhancing Cryptographic Key Distribution Using Hybrid Quantum Classical Paradigms","S. K. Saravanan; S. Tamilselvan; R. T. Rajasekaran; A. Sairam; D. A. J. Rajan; A. Kannappan","SIMATS Engineering, Saveetha University, SIMATS, Chennai; SIMATS Engineering, Saveetha University, SIMATS, Chennai; SIMATS Engineering, Saveetha University, SIMATS, Chennai; SIMATS Engineering, Saveetha University, SIMATS, Chennai; SIMATS Engineering, Saveetha University, SIMATS, Chennai; SIMATS Engineering, Saveetha University, SIMATS, Chennai",2026 International Conference on Emerging Systems and Intelligent Computing (ESIC),"5 May 2026","2026","","","722","727","Secure cryptographic key distribution is one of the essential conditions of modern protection of digital communications. The rise of large-scale quantum computing is a very real threat to traditional public-key cryptosystems, with the most commonly used cryptosystems, including RSA and elliptic curve cryptography, being easily broken with the help of quantum algorithms. Despite the demonstrable security offered by Quantum Key Distribution (QKD) through the laws of quantum mechanics, it has a limited range of transmission, expensive hardware, and it is difficult to scale. In order to overcome these shortcomings, this paper will propose a Hybrid Quantum-Classical Key Distribution (HQCKD) framework that combines quantum key generation and classical key management schemes. The proposed solution uses QKD to create a short and very safe quantum key seed, which then scalable classical cryptographic protocols based on long distance and large scale communication are booted up. The frames are tested by means of simulation in real network conditions, the latency, throughput, and security resilience are assessed. It is experimentally proven that the suggested hybrid model attains low end-to-end latency and high scalability with high resistance to both classical and quantum adversaries. The HQCKD framework is much simpler to implement and significantly less expensive in terms of infrastructure and deployment compared to bare QKD systems, which means that it is a realistic and future-proof approach to post-quantum safe communication.","","979-8-3315-5848-2","10.1109/ESIC68176.2026.11496128","","https://ieeexplore.ieee.org/stamp/stamp.jsp?arnumber=11496128","Quantum Computing;Quantum Key Distribution(QKD);Hybrid Quantum -classical Security;Cryptographic Key Distribution;Post-Quantum Cryptography (PQC);Network Security","MIMICs;Millimeter wave integrated circuits;Monolithic integrated circuits;Communication systems;Internet of Things;Protocols;Quantum key distribution;Wireless sensor networks;Data communication;Routing","","","","15","IEEE","5 May 2026","7-8 Feb. 2026","7-8 Feb. 2026","IEEE","IEEE Conferences"
"QFL-SecEdge: A Quantum Federated Learning Framework With Postquantum Cryptographic Task Distribution for Ultrareliable Mission-Critical 6G-IoT Networks","M. B. Yaseen; F. Wan; S. Asif; J. Wan","School of Electronics and Information Engineering, Nanjing University of Information Science and Technology (NUIST), Nanjing, China; School of Electronics and Information Engineering, Nanjing University of Information Science and Technology (NUIST), Nanjing, China; Institute of Mathematics, Henan Academy of Sciences, Zhengzhou, China; Chien-Shiung Wu College, Southeast University, Nanjing, China",IEEE Internet of Things Journal,"26 Jun 2026","2026","13","13","29513","29526","Mission-critical IoT applications in sixth-generation (6G) networks demand decoding error probability of  $10^{-9}$ , latency under 1 ms, and quantum-resistant security. This article proposes QFL-SecEdge, a quantum federated learning framework integrating postquantum cryptography (PQC) for secure, ultrareliable task distribution in 6G edge computing. QFL-SecEdge features a three-tier architecture comprising: variational quantum circuit-enhanced federated deep reinforcement learning (VQC-FDRL) with 45% faster convergence, a lattice-based postquantum cryptographic (LPQC) layer using CRYSTALS-Kyber with 78% reduced overhead, and an extreme value theory-driven reliability assurance (EVT-RA) mechanism guaranteeing 99.99999% reliability. Simulations demonstrate 52% energy efficiency improvement, 38% latency reduction,  $10^{-9}$  decoding error probability, and quantum-resistant security at only  $1.3\times $  computational overhead. The reported gains are based on simulation using quantum circuit emulation, simulated 6G IoT devices, and software-based Kyber implementation; results may vary under real-world deployment conditions.","2327-4662","","10.1109/JIOT.2026.3685072","","https://ieeexplore.ieee.org/stamp/stamp.jsp?arnumber=11483113","Mission-critical IoT;mobile edge computing (MEC);postquantum cryptography (PQC);quantum federated learning;sixth-generation (6G) networks;ultrareliable low-latency communication (URLLC);variational quantum circuits (VQCs)","Payloads;Broadcasting;Radio broadcasting;Frequency modulation;Broadcast technology;Circuits;Quantum circuit;Central Processing Unit;Microcontrollers;Circuits and systems","","","","35","IEEE","17 Apr 2026","1 July1, 2026","","IEEE","IEEE Journals"
"Enhancing Security in Near-Field Location Division Multiple Access by Variational Quantum Circuit","Q. M. Nguyen; B. Narottama; M. -H. T. Nguyen; V. Sharma; Q. N. Le; T. Q. Duong","Memorial University, Canada; Memorial University, Canada; Queen's University, Belfast, UK; Queen's University, Belfast, UK; Memorial University, Canada; Memorial University, Canada","2026 International Conference on Quantum Communications, Networking, and Computing (QCNC)","7 May 2026","2026","","","435","440","Location division multiple access (LDMA), enabled by extremely large-scale antenna arrays (ELAAs), allows user distinction in near-field communications (NFC) based on their spatial locations. By exploiting signal orthogonality in both the angular and distance domains, LDMA achieves precise signal focusing, with unique beamforming vectors assigned to the corresponding users. Leveraging these spatial degrees of freedom to enhance physical-layer-security, we propose a sequential quantum-classical (SQC) workflow to optimize the hybrid beamforming architecture. This workflow jointly maximizes the sum secrecy rate and enables efficient power allocation under quality-of-service (QoS) constraints. To address the resulting high-dimensional, and non-convex optimization problem, the proposed approach incorporates the metaheuristic differential evolution algorithm upon the existing variational quantum circuits (VQC). This integration alleviates quantum computational resource demands while maintaining effective solution-space exploration. Simulation results demonstrate the robustness of the proposed method against eavesdropping attacks, even in worstcase scenarios where legitimate users and eavesdroppers share identical angles of departure (AoD).","","979-8-3315-6110-9","10.1109/QCNC69040.2026.00079","Canada Excellence Research Chairs Program(grant numbers:CERC-2022-00109); Natural Sciences and Engineering Research Council of Canada (NSERC)(grant numbers:RGPIN-2025-04941); Horizon Europe Marie Skłodowska-Curie Actions (MSCA)(grant numbers:101227604); ","https://ieeexplore.ieee.org/stamp/stamp.jsp?arnumber=11500276","physical layer security;near-field communications;quantum computing","Space exploration;Antennas;Apertures;Antenna arrays;Propagation losses;Aperture antennas;Electromagnetic propagation;Antennas and propagation;Broadcasting;Radio broadcasting","","","","21","IEEE","7 May 2026","6-8 April 2026","6-8 April 2026","IEEE","IEEE Conferences"
"Sum Secrecy Rate Optimization in UAV Communications Using Quantum Actor-Critic Reinforcement Learning","S. F. Chien; S. Y. -C. Chen; M. L. Tham; H. S. Lim; C. C. Zarakovitis; M. A. Kourtis; Y. J. Wong","Axon Logic, Multidisciplinary Research and Innovation Centre, Athens, Greece; Computational Science Initiative, Brookhaven National Laboratory, Upton, NY, USA; Department of E&E Engineering, Universiti Tunku Abdul Rahman, Kajang, Malaysia; Faculty of Engineering and Technology, Multimedia University, Melaka, Malaysia; Axon Logic, Multidisciplinary Research and Innovation Centre, Athens, Greece; Media Networks Laboratory, Institute of Information and Telecommunications, NCSRD, Greece; Department of E&E Engineering, Universiti Tunku Abdul Rahman, Kajang, Malaysia",2025 IEEE Globecom Workshops (GC Wkshps),"7 Jul 2026","2025","","","927","932","Reinforcement learning (RL) has proven effective in wireless tasks like dynamic spectrum access and power control. Extending this, Quantum Reinforcement Learning (QRL) addresses quantum-specific challenges such as channel estimation and multi-agent UAV communications. We propose a hybrid Quantum Deep RL (QDRL) framework to optimize the average sum secrecy rate (SSR) in a mmWave UAV system with a Reconfigurable Intelligent Surface (RIS), under imperfect CSI and multiple eavesdroppers. Based on the DDPG framework, we explore quantum variants like QTDDPG and QTTD3. Simulations show QDRL achieves comparable SSR to classical methods with far fewer parameters. Notably, even a simple QTDDPG with a single-layer quantum encoder performs well, underscoring the promise of efficient quantum policies for secure wireless communication.","2166-0077","979-8-3315-6741-5","10.1109/GCWkshps68340.2025.11591086","Horizon Europe; CODE; ","https://ieeexplore.ieee.org/stamp/stamp.jsp?arnumber=11591086","Variational quantum circuit;Quantum reinforcement learning;Millimeter-wave communications;Unmanned aerial vehicle;Reconfigurable intelligent surface","Autonomous aerial vehicles;Algorithms;Printing;Reconfigurable intelligent surfaces;Timing;Learning (artificial intelligence);Trajectory;Modeling;Tagging;Optimization","","","","20","IEEE","7 Jul 2026","8-12 Dec. 2025","8-12 Dec. 2025","IEEE","IEEE Conferences"
"Secure Quantum Federated Learning Framework for URLLC in 6G Smart Healthcare Systems","A. Pradhan; S. Das","Department of Electrical Engineering, National Institute of Technology, Rourkela, India; Department of Electrical Engineering, National Institute of Technology, Rourkela, India",2025 IEEE Future Networks World Forum (FNWF),"2 Jan 2026","2025","","","1","6","The proliferation of future sixth-generation (6G) wireless systems envisions the progressive development of smart healthcare systems enabled by ultra-reliable low latency communication (URLLC). However, the exponential increase in consumer Internet of Things (CIoT) healthcare devices at the mobile edge generates heterogeneous end-user information obtained from monitoring and sensing operations in smart healthcare systems. Thus, preserving the privacy of edge CIoT users and enabling secure URLLC task offloading, we propose a Federated Learning (FL) based distributed computing architecture using Quantum enhanced Federated Learning (QFL). To address the data heterogeneity and secure edge computing, we consider the accurate channel information based on pilot symbol distribution modeled as image data. Then, using QFL, we identify the malicious information and optimize resource allocation through global model aggregated updates to enable secure data transmission. The simulation results validate the superiority of the proposed QFL framework in terms of improved accuracy and sum secrecy rate compared to the classical FL framework.","2770-7679","979-8-3315-9193-9","10.1109/FNWF66845.2025.11317640","","https://ieeexplore.ieee.org/stamp/stamp.jsp?arnumber=11317640","5G;6G;URLLC;Healthcare Internet of Things (HIoT);Quantum Federated Learning (QFL)","6G mobile communication;Wireless communication;Accuracy;Federated learning;Simulation;Medical services;Ultra reliable low latency communication;Servers;Resource management;Internet of Things","","","","19","IEEE","2 Jan 2026","10-12 Nov. 2025","10-12 Nov. 2025","IEEE","IEEE Conferences"
"On the Quantum Analysis by Using Semantic Integration and Covert Communication for Next-Generation Networks","A. Andreou; C. X. Mavromoustakis; E. Markakis; A. Bourdena; G. Mastorakis","Department of Computer Science, University of Nicosia, Nicosia, Cyprus; Department of Computer Science, University of Nicosia, Nicosia, Cyprus; Department of Electrical and Computer Engineering, Hellenic Mediterranean University, Heraklion, Crete, Greece; Department of Electrical and Computer Engineering, Hellenic Mediterranean University, Heraklion, Crete, Greece; Department of Management Science and Technology, Hellenic Mediterranean University, Agios Nikolaos, Crete, Greece",2024 11th International Conference on Wireless Networks and Mobile Communications (WINCOM),"5 Sep 2024","2024","","","1","6","This paper explores the integration of Quantum Communication Networks (QCNs), semantic communication, and covert communication within the context of 6G and future wireless networks. Introducing a new Quantum Semantic Communications (QSC) framework that capitalizes on advancements in quantum machine learning and semantic representations, this framework dramatically enhances resource efficiency in QCN s. It does so by embedding only relevant classical data into compact, high-dimensional quantum states for transmission, achieving a potential resource reduction of 50-75% while boosting quantum semantic fidelity. The paper further examines Artificial Intelligence's (AI) transformative role in upgrading tra-ditional communication paradigms into more efficient semantic communication systems, utilizing deep learning and end-to-end methodologies to ensure precise conveyance and interpretation of meanings in transmitted information. Additionally, it explores incorporating covert communication strategies within systems supported by a Reconfigurable Intelligent Surface (STAR-RIS) and Non-Orthogonal Multiple Access (NOMA), emphasizing the enhanced security and stealth necessary for modern networks. By merging these sophisticated communication strategies, the paper anticipates a new era of telecommunications that significantly surpasses existing security, efficiency, and semantic accuracy capabilities, marking a progressive step towards future networks optimized for secure, efficient, and meaning-focused communication in the quantum and AI era.","2769-9994","979-8-3503-7786-6","10.1109/WINCOM62286.2024.10656588","","https://ieeexplore.ieee.org/stamp/stamp.jsp?arnumber=10656588","Semantic;Quantum;Communication;Covert;Network","NOMA;Wireless networks;Semantics;Merging;Reconfigurable intelligent surfaces;Quantum state;Telecommunications","","12","","17","IEEE","5 Sep 2024","23-25 July 2024","23-25 July 2024","IEEE","IEEE Conferences"
"Verifiable Quantum Machine Learning Inference Consistency for Classical Clients in Noisy Quantum Clouds","S. Lee; S. B. Son; C. Kim; J. Kim; H. P. In","Department of Computer Science and Engineering, Korea University, Seoul, Republic of Korea; Department of Electrical and Computer Engineering, Korea University, Seoul, Republic of Korea; Department of Computer Science and Engineering, Korea University, Seoul, Republic of Korea; Department of Electrical and Computer Engineering, Korea University, Seoul, Republic of Korea; Department of Computer Science and Engineering, Korea University, Seoul, Republic of Korea",IEEE Internet of Things Journal,"","2026","PP","99","1","1","Quantum machine learning (QML) is an emerging paradigm that aims to achieve high expressive power by leveraging quantum advantage. However, realizing these advantages in practice inevitably requires executing inference on remote, noisy quantum hardware. Such hardware produces probabilistic and non-reproducible outcomes, leaving classical users without a principled way to verify reported results. We propose zkQML, the first framework that enables a fully classical verifier to certify that a reported QML inference result is consistent with a committed model up to a device-calibrated noise tolerance, by leveraging zero-knowledge succinct non-interactive argument of knowledge (zk-SNARKs). zkQML arithmetizes the ideal semantics of quantum inference and enforces consistency using cryptographic zk-SNARKs, while explicitly accounting for device noise through a noise-bounded correctness notion. Experiments on both simulators and real quantum hardware show that the proposed arithmetic modeling closely matches ideal quantum inference and enables verifier-efficient verification with small proof sizes and near-constant verification time. These results demonstrate that zkQML provides a practical and sound foundation for trustworthy quantum inference in realistic, non-reproducible execution environments.","2327-4662","","10.1109/JIOT.2026.3728808","IITP (Institute of Information & Communications Technology Planning & Evaluation)-ITRC (Information Technology Research Center) funded by the Korea government (MSIT (Ministry of Science and ICT (Information and Communication Technology)))(grant numbers:IITP-2026-RS-2024-00436887); National Research Foundation of Korea (NRF) funded by MSIT(grant numbers:RS-2025-00561377); ANCHOR through the Seoul ANCHOR Center, funded by the Ministry of Education (MOE) and the Seoul Metropolitan Government(grant numbers:2026-ANCHOR-01-003-01); National Research Foundation of Korea (NRF)(grant numbers:RS-2023-NR057243); ","https://ieeexplore.ieee.org/stamp/stamp.jsp?arnumber=11673170","Quantum machine learning (QML);verifiable computation;zero-knowledge proofs (ZKPs);quantum cloud computing","Modeling;Hardware;Circuits;Noise;Arithmetic;Internet of Things;Machine learning;Distance measurement;Radio access networks;Regional area networks","","","","","IEEE","31 Aug 2026","","","IEEE","IEEE Early Access Articles"
"Quantum-Enhanced Reinforcement Learning for Packet Routing in USV-Aided Tactical FANETs","A. A. Okine; Silvirianti; G. Kaddoum; S. Singh","Department of Electrical Engineering, École de Technologie Supérieure, Montréal, QC, Canada; Department of Electrical Engineering, École de Technologie Supérieure, Montréal, QC, Canada; Department of Electrical Engineering, École de Technologie Supérieure, Montréal, QC, Canada; Resilient Machine Learning Institute (ReMI), Montréal, QC, Canada",IEEE Wireless Communications Letters,"9 Jun 2026","2026","15","","3437","3441","In this letter, we address the problem of distributed packet routing in uncrewed surface vehicle (USV)-assisted tactical flying ad hoc networks (T-FANETs) under random mobile jamming and physical attacks. To solve this problem, we propose a quantum-enhanced reinforcement learning (QeRL) approach to accelerate the online training of routing agents. In addition, the routing agents employ hybrid quantum circuits (HQCs), thereby effectively decoupling the state and action space dimensions from the required number of qubits, enabling scalability. The proposed scheme is found to outperform classical learning algorithms in terms of end-to-end delay by 17.68%, jamming prediction by 6.3%, and packet delivery ratio by 82.9%.","2162-2345","","10.1109/LWC.2026.3699614","ULTRA TCS Research Chair on Intelligent Tactical Wireless Networks for Challenging Environments; ","https://ieeexplore.ieee.org/stamp/stamp.jsp?arnumber=11547180","Hybrid quantum circuit;jamming;routing;tactical ad hoc networks;quantum reinforcement learning","Routing;Jamming;Modeling;Delays;Learning (artificial intelligence);Timing;Joining processes;Quantum circuit;Qubit;Titanium","","","","18","IEEE","2 Jun 2026","2026","","IEEE","IEEE Journals"
"Survey of Cooperative NOMA for Beyond 5G: State-of-the-Art, Applications and Research Directions","S. P. Indraganti; S. Vappangi; A. K. Mishra; S. E. Mathe; A. A. Nasir; T. Deepa; N. Gupta","School of Electronics Engineering, VIT-AP University, Beside AP Secretariat Amaravati, Amaravati, India; School of Electronics Engineering, VIT-AP University, Beside AP Secretariat Amaravati, Amaravati, India; School of Electronics Engineering, VIT-AP University, Beside AP Secretariat Amaravati, Amaravati, India; School of Electronics Engineering, VIT-AP University, Beside AP Secretariat Amaravati, Amaravati, India; Department of Electrical Engineering and Center for Communication Systems and Sensing, King Fahd University of Petroleum and Minerals, Dhahran, Saudi Arabia; Department of Electronics and Communication Engineering, SRM Institute of Science and Technology, Kattankulathur, India; School of Electronics Engineering, VIT-AP University, Beside AP Secretariat Amaravati, Amaravati, India",IEEE Open Journal of the Communications Society,"9 Jan 2026","2026","7","","40","94","This survey provides a comprehensive overview of Cooperative non orthogonal multiple access (C-NOMA) systems, where cooperative relaying enhances reliability, extends coverage, and strengthens system robustness. The study begins by classifying the fundamental structures of C-NOMA into two key categories: user-assisted relaying, where end-user devices forward information to other users, and dedicated relaying, where separate relay nodes assist transmission. Beyond its basic principles, the survey explores the integration of C-NOMA with advanced technologies such as cognitive radio (CR), full-duplex (FD) transmission, simultaneous wireless information and power transfer (SWIPT), power line communication (PLC), multiple-input multiple-output (MIMO), heterogeneous networks (HetNets), rate-splitting multiple access (RSMA), visible light communication (VLC), and intelligent reflecting surfaces (IRS). These integrations significantly improve energy efficiency, spectral utilization, and coverage reliability. Moreover, artificial intelligence (AI), including deep reinforcement learning (DRL) and federated learning (FL), is identified as a vital enabler for intelligent power allocation, relay selection, and user clustering, addressing the limitations of traditional optimization approaches. This survey elaborates in detail the integration of C-NOMA with blockchain, edge computing, quantum computing, extended reality (XR), i.e., virtual reality/augmented reality (VR/AR), and unmanned aerial vehicles (UAV). Furthermore, this survey identifies quantum-enabled C-NOMA as a transformative paradigm, where quantum key distribution (QKD) ensures physical layer security (PLS), and quantum machine learning (QML) enhances interference mitigation and large-scale optimization. Performance evaluation in terms of spectral efficiency (SE), energy efficiency, and quality-of-service (QoS) requirements is critically analyzed, with special emphasis on challenges such as accurate channel state information (CSI) acquisition, robust successive interference cancellation (SIC), scalable relay selection, and security in heterogeneous environments. In summary, this survey consolidates the state-of-the-art developments in C-NOMA and outlines future research directions, including AI-driven optimization, quantum-assisted communication, UAV and satellite integration, reconfigurable intelligent surface (RIS)-enabled designs, and hybrid OMA-NOMA switching. By addressing these open challenges, C-NOMA is expected to serve as a cornerstone for secure, energy-efficient, and ultra-reliable connectivity in 6G and beyond, enabling massive IoT, autonomous systems, and next-generation smart city infrastructures.","2644-125X","","10.1109/OJCOMS.2025.3648469","","https://ieeexplore.ieee.org/stamp/stamp.jsp?arnumber=11315150","C-NOMA;relay selection;PLC;VLC;IRS;RSMA;AI;QML","NOMA;Relays;Surveys;Resource management;Artificial intelligence;Visible light communication;Time-frequency analysis;Simultaneous wireless information and power transfer;Security;Optimization","","10","","261","CCBY","26 Dec 2025","2026","","IEEE","IEEE Journals"
"Hybrid Quantum Classical Optimization for Low-Carbon Sustainable Edge Architecture in RIS-Assisted AIoT Healthcare Systems","K. Yu; C. Chakraborty; D. Xu; T. Zhang; H. Zhu; O. Alfarraj; A. Tolba","School of Computer Science and Information Engineering, Bengbu University, Bengbu, Anhui, China; Department of ECE, Birla Institute of Technology Mesra, Ranchi, India; School of Information and Communications Engineering, Xi’an Jiaotong University, Xi’an, Shaanxi, China; School of Information and Communications Engineering, Xi’an Jiaotong University, Xi’an, Shaanxi, China; School of Computer Science and Information Engineering, Bengbu University, Bengbu, Anhui, China; Computer Science Department, Community College, King Saud University, Riyadh, Saudi Arabia; Computer Science Department, Community College, King Saud University, Riyadh, Saudi Arabia",IEEE Internet of Things Journal,"9 Dec 2024","2024","11","24","38987","38998","Healthcare systems, empowered by the integration of artificial intelligence (AI) and Internet of Things networks, are undergoing significant advancements, ushering in a new era of enhanced treatment experiences and improved quality of life. Edge computing plays a pivotal role as an architectural enabler; however, it also presents numerous energy-related challenges spanning sensors, communication, and edge devices. One of the most formidable challenges is the proliferation of complex communication protocols across various devices, including sensors, reconfigurable intelligent surfaces, smart devices, and edge servers, leading to substantial carbon emissions and energy consumption. To address this challenge, this article introduces a low-carbon, sustainable edge architecture leveraging AI techniques. Specifically, we develop a deep-learning-based radio frequency fingerprint access protocol to facilitate real-time and energy-efficient device access between smart devices and edge gateways. Building upon this foundation, we propose a hybrid quantum-classical optimization algorithm to achieve green data transmission at lower layers for AI of things healthcare systems. Simulation results demonstrate that our optimized architecture achieves over 99% identification accuracy using a signal data set of 50 GB obtained from real-world smart devices and practical gateways in a real-world environment, all while maintaining energy-efficient data delivery.","2327-4662","","10.1109/JIOT.2024.3399234","Japan Society for the Promotion of Science(grant numbers:JP21K17736); Key Projects of Natural Science Research in Anhui Higher Education Institutions(grant numbers:2022AH051909); Key Scientific Research Projects of Colleges and Universities in Anhui Province(grant numbers:2022AH051921); Anhui Province Excellent Research and Innovation Team in Intelligent Manufacturing and Information Technology(grant numbers:2023AH052938); Researchers Supporting Project, King Saud University, Riyadh, Saudi Arabia(grant numbers:RSP2024R102); ","https://ieeexplore.ieee.org/stamp/stamp.jsp?arnumber=10529119","Artificial Intelligence of Things (AIoT);authentication;edge computing;healthcare system;low-carbon sustainable computing;optimization","Medical services;Internet of Things;Protocols;Authentication;Artificial intelligence;Wireless sensor networks;Logic gates","","27","","25","IEEE","10 May 2024","15 Dec.15, 2024","","IEEE","IEEE Journals"
"A Hybrid Quantum-Meta Reinforcement Learning and Graph Attention Transformer Approach for Low-Latency and a Secure D2D Routing in 6G Cellular Networks","S. R. Gottam; U. N. Kar","Department of Computer Science and Engineering, Lakireddy Bali Reddy College of Engineering (Autonomous), Mylavaram, Andhra Pradesh, India; School of Computer Science and Engineering, VIT-AP University, Amaravati, Andhra Pradesh, India",IEEE Access,"20 Feb 2026","2026","14","","25017","25037","This work involves the development of intelligent and security-oriented Device-to-Device (D2D) routing protocols specifically designed to handle dynamic, heterogeneous, and latency-critical communications in the emerging wireless communication environment, particularly for 6G setups. For instance, conventional routing solutions based on classical deep reinforcement learning and static optimization methodologies commonly fail to scale, adapt in real-time to dynamically changing topologies, and remain robust against security threats; thus, limiting their efficacy in the architectural frame of future 6G. However, this work focuses on introducing Quantum-Meta Learning Fusion with Graph Attention Transformer Networks for low-latency and secure D2D routing in 6G. The proposed framework is formed of three critical methodologies: (i) Quantum Meta Reinforcement Learning (QMRL), (ii) Graph Attention Transformer Network (GATN), and (iii) Evolutionary Graph Neural Network (EGNN). QMRL uses the parameterized quantum circuits to better balance the trade-off between exploration and exploitation. Additionally, a meta-learning module enables rapid adaptation to changing network conditions generated by gradient-based updates during end-to-end training. GATN combines graph attention mechanisms with transformer-based self-attention to capture spatial-temporal dependencies in network graphs; thus, the network will also be resilient to adversarial attacks. EGNN incorporates evolutionary approaches to enhance both node embeddings and routing policies, ensuring that traffic dynamics diversify over time and that link failures are appropriately addressed. Empirical analysis reveals that the proposed system will ultimately reduce latency by approximately 35-40%, improve the packet delivery ratio by 20%, and increase energy efficiency by 30-35% compared to classical models. Additionally, it increases resilience to jamming attacks by approximately 40%. Hence, these results substantiate the effectiveness of the fusion model in offering secure, adaptive, and low-latency routing solutions, making her a worthy candidate for future deployment in 6G D2D communications frameworks.","2169-3536","","10.1109/ACCESS.2026.3664972","","https://ieeexplore.ieee.org/stamp/stamp.jsp?arnumber=11396630","Quantum reinforcement learning;meta-learning;graph attention network;6G communications;D2D routing;process","Routing;6G mobile communication;Device-to-device communication;Security;Metalearning;Graph neural networks;Adaptation models;Wireless communication;Transformers;Interference","","2","","50","CCBY","16 Feb 2026","2026","","IEEE","IEEE Journals"
"Quantum Cryptography for 6G and Quantum Internet Infrastructure","N. Mahapatra; R. k. Singh; S. Kumar; S. Swain; A. Bandyopadhyay; M. K. Gourisaria","School Of Computer Engineering, KIIT Deemed to be University, Bhubaneswar, India; School Of Computer Engineering, KIIT Deemed to be University, Bhubaneswar, India; School Of Computer Engineering, KIIT Deemed to be University, Bhubaneswar, India; School Of Computer Engineering, KIIT Deemed to be University, Bhubaneswar, India; School Of Computer Engineering, KIIT Deemed to be University, Bhubaneswar, India; School Of Computer Engineering, KIIT Deemed to be University, Bhubaneswar, India",2026 7th International Conference on Computational Intelligence and Networks (CINE),"8 May 2026","2026","","","1","6","The emergence of sixth-generation (6 G) wireless networks and the rapid development of Quantum Internet infrastructure have created unprecedented demands for ultrasecure communication. Classical cryptographic techniques, which depend on computational hardness, are vulnerable to quantum attacks enabled by powerful quantum algorithms. Quantum cryptography, particularly Quantum Key Distribution (QKD), offers information-theoretic security based on the principles of quantum mechanics, making it a foundational element for future network security. This paper investigates the integration of quantum cryptography within 6 G architectures and Quantum Internet frameworks, focusing on secure key exchange, entanglementassisted communication, and quantum-safe protocols. We analyze the challenges posed by channel loss, quantum repeater limitations, hardware constraints, and large-scale deployment in ultra-dense 6 G environments. Our study highlights the potential of hybrid quantum-classical security models and outlines how quantum cryptography can support resilient, scalable, and next-generation secure communication systems.","","979-8-3315-6346-2","10.1109/CINE68769.2026.11503001","","https://ieeexplore.ieee.org/stamp/stamp.jsp?arnumber=11503001","Quantum cryptography;6G networks;Quantum Internet;Quantum Key Distribution (QKD);post-quantum security;entanglement;quantum repeaters;hybrid quantum-classical networks","Base stations;Communication systems;Internet;Protocols;Quantum key distribution;Repeaters;Routing;Quantum networks;Quantum repeaters;Computer networks","","","","13","IEEE","8 May 2026","12-14 March 2026","12-14 March 2026","IEEE","IEEE Conferences"
"Quantum-Infused Deep Reinforcement Learning for Intrusion Detection in Surveillance Autonomous Vehicles","C. I. Okafor; L. A. C. Ahakonye; D. -S. Kim; J. M. Lee","IT-Convergence Engineering, Kumoh National Institute of Technology, Gumi, South Korea; ICT Convergence Research Center, Kumoh National Institute of Technology, Gumi, South Korea; IT-Convergence Engineering, Kumoh National Institute of Technology, Gumi, South Korea; IT-Convergence Engineering, Kumoh National Institute of Technology, Gumi, South Korea",2026 International Conference on Artificial Intelligence in Information and Communication (ICAIIC),"31 Mar 2026","2026","","","1455","1460","As autonomous vehicles become essential in Military operations, ensuring the security and integrity of their sensor systems is paramount. Intrusion detection is challenging due to sensor diversity, dynamic environments, and the threat of quantum-based attacks. This study introduces a GPS spoofing intrusion detection system using deep reinforcement learning (DRL) and a quantum-resilient architecture. The framework combines Recurrent Proximal Policy Optimization (RPPO), attention mechanisms (RPPO-Attention-IDS), and variational quantum circuits to process and fuse multimodal sensor data, distinguishing between spoofing and environmental changes. Evaluations in a high-fidelity vehicle simulation, using the dataset, demonstrate the framework's real-time efficiency with an inference time of 0.50 ms. A sensitivity analysis reveals that a quantum circuit with 4 layers and six (6) qubits achieves optimal performance, improving accuracy by 38%. Compared to classical RPPO (20% accuracy), our method offers enhanced feature representation, highlighting the potential of quantum-enhanced DRL for secure vehicle deployment in the post-quantum era. Further advancements in class imbalance handling are needed.","2831-6983","979-8-3315-7957-9","10.1109/ICAIIC68212.2026.11454395","","https://ieeexplore.ieee.org/stamp/stamp.jsp?arnumber=11454395","Autonomous vehicle;Cybersecurity;IDS;GPS;Recurrent Proximal Policy Optimization;Quantum Neural Network","Accuracy;Surveillance;Intrusion detection;Deep reinforcement learning;Sensor systems;Quantum circuit;Vehicle dynamics;Autonomous vehicles;Optimization;Global Positioning System","","","","18","IEEE","31 Mar 2026","24-27 Feb. 2026","24-27 Feb. 2026","IEEE","IEEE Conferences"
"High-Dimensional Quantum Key Distribution in Quantum Access Networks","O. Elmabrok; M. Razavi; T. Eltaif; K. A. Alaghbari","Department of Electrical and Electronic Engineering, University of Benghazi, Benghazi, Libya; School of Electronic and Electrical Engineering, University of Leeds, Leeds, U.K.; Faculty of Engineering Technology and Science, Higher Colleges of Technology, Abu Dhabi, UAE; Faculty of Electrical Engineering, Universiti Teknologi Malaysia, Johor Bahru, Malaysia",IEEE Photonics Journal,"17 Apr 2024","2024","16","3","1","7","We investigate the use of high-dimensional quantum key distribution (HD-QKD) for wireless access to hybrid quantum-classical networks. We use $d$-dimensional time-phase encoded states to exchange a secret key between an indoor wireless user and the central office on the other end of the access network. We evaluate the performance in the case of transmitting quantum and classical signals over the same passive optical network by accounting for the impact of background noise induced by the Raman-scattered light on the QKD receiver. We also take into account the loss and background noise that occur in indoor environments as well as finite key effects in our analysis. By studying the system under nominal simulation conditions, we identify regimes of operation in which an HD-QKD system with $d=4$ can outperform its qubit-based counterpart.","1943-0655","","10.1109/JPHOT.2024.3383780","","https://ieeexplore.ieee.org/stamp/stamp.jsp?arnumber=10487111","High-dimensional quantum key distribution (HD-QKD);optical wireless communications (OWC);decoy states","Optical fibers;Wireless communication;Optical transmitters;Encoding;Background noise;Telescopes;Arrayed waveguide gratings","","","","52","CCBY","2 Apr 2024","June 2024","","IEEE","IEEE Journals"
"Classical vs. Quantum Approaches for Predicting Galaxy Velocity Dispersion in Manga Galaxies","S. Narkedimilli; M. Sathvik; S. Deshpande","Département Informatique et Réseaux (INFRES), LTCI, Télécom Paris, IP Paris, France; Département Informatique et Réseaux (INFRES), LTCI, Télécom Paris, IP Paris, France; Département Informatique et Réseaux (INFRES), LTCI, Télécom Paris, IP Paris, France",2025 15th Workshop on Hyperspectral Imaging and Signal Processing: Evolution in Remote Sensing (WHISPERS),"8 May 2026","2025","","","1","5","Predicting galaxy velocity dispersion is a key challenge in astrophysics, as it encodes information about galaxies' kinematics, mass distribution, and evolutionary pathways. We benchmarked classical machine learning, deep learning, quantum machine learning, and hybrid ensembles on the SDSS-IV MaNGA dataset of ~ 2,000 galaxies. We used accuracy, error metrics, inference time, and energy profiling as evaluation criteria. Classical ensembles achieved the strongest performance ($\text{RMSE}=0.0292, R^{2}=0.9868$), while hybrid classical-quantum models improved quantum baselines but remained less competitive than purely classical ensembles. These results demonstrate that classical ensembles currently dominate predictive accuracy, but hybrid and quantum approaches hold promise for future scalability as quantum hardware and astrophysical datasets continue to evolve.","2158-6276","979-8-3195-0782-2","10.1109/WHISPERS69515.2025.11501609","","https://ieeexplore.ieee.org/stamp/stamp.jsp?arnumber=11501609","Galaxy velocity dispersion;SDSS-IV MaNGA survey;Classical and Quantum Modeling","Jamming;Electronic warfare;Anisotropic;Feedback;Filters;Circuits;Radio frequency;Protocols;Radio access networks;Regional area networks","","","","9","IEEE","8 May 2026","12-14 Nov. 2025","12-14 Nov. 2025","IEEE","IEEE Conferences"
"A Hybrid Approach Combining Quantum and Neuromorphic Computing for Live City Traffic Management","S. S. Swain; R. Sekaran; G. G S; J. S; K.Vengatesan; B. Nagu","Department Of Computer Science and Engineering, Dayananda Sagar University, Bangalore, India; Department Of Computer Science and Engineering, Dayananda Sagar University, Bangalore, India; Department Of Computer Science and Engineering, Dayananda Sagar University, Bangalore, India; Department Of Computer Science and Engineering, Dayananda Sagar University, Bangalore, India; Department Of Computer Science and Engineering, Dayananda Sagar University, Bangalore, India; Department Of Computer Science and Engineering, Dayananda Sagar University, Bangalore, India",2026 Third International Conference on Networking and Communications (ICNWC),"19 May 2026","2026","","","1","5","Even when traffic shifts, signals change just quick enough to keep cars rolling through downtown lanes. Things change fast. Old methods lag behind. Slow reactions make them weak. Speed leaves tradition behind. Fast moves break old habits. Quick changes ignore past rules. Outdated approaches fail when pace increases dealing with constant shifts in schedule. QNF fixes it – fast putting pieces together while merging separate actions simultaneously. Movement stirs awake brain-like networks-switched on solely during engines hum to life, sitting still but awake. Voltage slips downward when they wait resting, it uses less than a single watt. Near silence, the chips run just above idle creations like Intel Loihi [1], running light on need. Today yet after that, how things link shifts. Still, picks must match the moment-nothing more a faint replay fades within slow-moving delays. Roads start to when things jam up, attention fades into a shift-guided suddenly by quantum ideas. A different path appears without warning. This change moves quietly beneath the surface faster light patterns found by Grover’s method [2] - just √N tries needed. Connecting neural-style detectors through quantum cores is a pathway where pulses reshape qubit states, every few seconds, chances shift close to crowded areas. During tests, keep falling nearly a third, ups stumbled as electricity needs slipped. Almost all of the area showed changes when tested on a city layout compared to usual methods. Around 320 watts get used by DRL systems when running on edge devices [3]. This framework is still just an idea for now - bringing it into real use would take more steps than expected. What stands in the way isn’t effort, but timing. Testing comes next, though only under strict conditions. Progress waits on results, not plans. So far, nothing has moved past early checks. So far, actual hardware based on quantum principles remains unrealized..","","979-8-3195-4298-4","10.1109/ICNWC68145.2026.11518477","","https://ieeexplore.ieee.org/stamp/stamp.jsp?arnumber=11518477","Quantum Computing;Neuromorphic Computing;Spiking Neural Networks;Grover’s Algorithm;Traffic Signal Control;Smart City Infrastructure;Hybrid Quantum-Classical Systems","Timing;Radio access networks;Regional area networks;Printing;Equations;Neuromorphics;Modeling;Optimization;Qubit;Image sensors","","","","15","IEEE","19 May 2026","6-8 April 2026","6-8 April 2026","IEEE","IEEE Conferences"
