"Authors","Author full names","Author(s) ID","Title","Year","Source title","Volume","Issue","Art. No.","Page start","Page end","Cited by","DOI","Link","Document Type","Publication Stage","Open Access","Source","EID"
"Andreou A.; Mavromoustakis C.X.; Markakis E.; Bourdena A.; Mastorakis G.","Andreou, Andreas (57208713892); Mavromoustakis, Constandinos X. (6602882785); Markakis, Evangelos (7006033121); Bourdena, Athina (36068862200); Mastorakis, George (13205568300)","57208713892; 6602882785; 7006033121; 36068862200; 13205568300","On the Quantum Analysis by Using Semantic Integration and Covert Communication for Next-Generation Networks","2024","Proceedings - 11th International Conference on Wireless Networks and Mobile Communications, WINCOM 2024","","","","","","12","10.1109/WINCOM62286.2024.10656588","https://www.scopus.com/pages/publications/85204281359?origin=resultslist","Conference paper","Final","","Scopus","2-s2.0-85204281359"
"Kim M.; El Azzaoui A.; Park J.H.","Kim, Minji (58966782000); El Azzaoui, Abir (57215058883); Park, Jong Hyuk (60176774200)","58966782000; 57215058883; 60176774200","VQAD-Sec: A Variational Quantum Anomaly Detection for Intrusion Detection in Maritime Networks","2026","Human-centric Computing and Information Sciences","16","","","","","1","10.22967/HCIS.2026.16.010","https://www.scopus.com/pages/publications/105041055389?origin=resultslist","Article","Final","","Scopus","2-s2.0-105041055389"
"Nguyen Q.M.; Narottama B.; Nguyen M.-H.T.; Sharma V.; Le Q.N.; Duong T.Q.","Nguyen, Quan Minh (60629018300); Narottama, Bhaskara (57188859054); Nguyen, Minh-Hien T. (57221612944); Sharma, Vishal (55682655583); Le, Quang Nhat (57220615791); Duong, Trung Q. (14009246700)","60629018300; 57188859054; 57221612944; 55682655583; 57220615791; 14009246700","Enhancing Security in Near-Field Location Division Multiple Access by Variational Quantum Circuit","2026","Proceedings - 2026 International Conference on Quantum Communications, Networking, and Computing, QCNC 2026","","","","435","440","0","10.1109/QCNC69040.2026.00079","https://www.scopus.com/pages/publications/105040801644?origin=resultslist","Conference paper","Final","","Scopus","2-s2.0-105040801644"
"Indraganti S.P.; Vappangi S.; Mishra A.K.; Mathe S.E.; Nasir A.A.; Deepa T.; Gupta N.","Indraganti, Swathi Priya (60336232800); Vappangi, Suseela (57197873049); Mishra, Anoop Kumar (57191228109); Mathe, Sudha Ellison (56825679200); Nasir, Ali Arshad (35932267800); Deepa, T. (46161003000); Gupta, Neha (57209931462)","60336232800; 57197873049; 57191228109; 56825679200; 35932267800; 46161003000; 57209931462","Survey of Cooperative NOMA for Beyond 5G: State-of-the-Art, Applications and Research Directions","2026","IEEE Open Journal of the Communications Society","7","","","40","94","11","10.1109/OJCOMS.2025.3648469","https://www.scopus.com/pages/publications/105025750284?origin=resultslist","Article","Final","All Open Access; Gold Open Access","Scopus","2-s2.0-105025750284"
"Dwivedi V.; Kumar D.S.; Girija M.S.; Singh A.M.; Tiwari A.B.; Nagarajan N.; Satish Kumar N.H.; Philip J.M.; Ayyasamy R.","Dwivedi, Vinay (57216851346); Kumar, Dhandapany Sendil (57217453062); Girija, M.S. (57209617426); Singh, Anant Manish (59794369300); Tiwari, Arya Brijesh (59789637900); Nagarajan, Nagabhooshanam (57202996825); Satish Kumar, N.H. (59794369400); Philip, Jim Mathew (56785259300); Ayyasamy, Rajaram (36633060200)","57216851346; 57217453062; 57209617426; 59794369300; 59789637900; 57202996825; 59794369400; 56785259300; 36633060200","QUANTUM RESOURCE ALLOCATION FOR EFFICIENT COMMUNICATION IN QUANTUM INTERNET-ENABLED MOBILE NETWORKS","2025","Journal of Environmental Protection and Ecology","26","2","","754","762","2","","https://www.scopus.com/pages/publications/105004591682?origin=resultslist","Article","Final","","Scopus","2-s2.0-105004591682"
"Gottam S.R.; Kar U.N.","Gottam, Sambi Reddy (58153563600); Kar, Udit Narayana (57195970673)","58153563600; 57195970673","A Hybrid Quantum-Meta Reinforcement Learning and Graph Attention Transformer Approach for Low-Latency and a Secure D2D Routing in 6G Cellular Networks","2026","IEEE Access","14","","","25017","25037","3","10.1109/ACCESS.2026.3664972","https://www.scopus.com/pages/publications/105030872864?origin=resultslist","Article","Final","All Open Access; Gold Open Access","Scopus","2-s2.0-105030872864"
"An T.T.; Yin G.; Zhang J.; Ding Y.; Duong T.Q.; Cotton S.L.","An, To Truong (59486832600); Yin, Guolin (57546754300); Zhang, Junqing (56586277400); Ding, Yuan (55255980000); Duong, Trung Q. (14009246700); Cotton, Simon L. (16023895100)","59486832600; 57546754300; 56586277400; 55255980000; 14009246700; 16023895100","Towards Quantum Efficient Training for Radio Frequency Fingerprint Identification","2026","2026 IEEE International Conference on Communications Workshops, ICC Workshops 2026 - Proceedings","","","","","","2","10.1109/ICCWorkshops63917.2026.11586252","https://www.scopus.com/pages/publications/105045577930?origin=resultslist","Conference paper","Final","All Open Access; Green Open Access","Scopus","2-s2.0-105045577930"
"Sabeshuly I.; Akzhalova A.; Ben Yahia S.","Sabeshuly, Ilyas (60002701400); Akzhalova, Assel (23476680000); Ben Yahia, Sadok (59900259300)","60002701400; 23476680000; 59900259300","A Hybrid Quantum-AI Architecture for Enhanced Blockchain Consensus","2026","Lecture Notes in Business Information Processing","559 LNBIP","","","144","156","1","10.1007/978-3-031-98033-6_9","https://www.scopus.com/pages/publications/105010833352?origin=resultslist","Conference paper","Final","","Scopus","2-s2.0-105010833352"
"Liu Y.; Yu X.; Zhao Y.; Zhang J.","Liu, Yuhang (57224881591); Yu, Xiaosong (55217764900); Zhao, Yongli (35333445700); Zhang, Jie (60113043200)","57224881591; 55217764900; 35333445700; 60113043200","Resource Allocation Strategies for Synergistic Networking of Quantum and Classical Optical Communications (Invited); [量子与经典光协同组网资源分配策略(特邀)]","2026","Guangxue Xuebao/Acta Optica Sinica","46","7","0700007","","","0","10.3788/AOS252173","https://www.scopus.com/pages/publications/105042601337?origin=resultslist","Article","Final","","Scopus","2-s2.0-105042601337"
"Zhao R.; Song H.; Wen H.; Chen Z.; Hou W.; Feng X.","Zhao, Runhui (57222406858); Song, Huanhuan (56488941700); Wen, Hong (7202983612); Chen, Zhiwei (59086725500); Hou, Wenjing (57209877403); Feng, Xuewei (59651218300)","57222406858; 56488941700; 7202983612; 59086725500; 57209877403; 59651218300","Wireless Security Enhancement Framework Based on AI and RIS in Industrial IoT Networks","2025","IEEE Network","39","4","","29","36","14","10.1109/MNET.2025.3543829","https://www.scopus.com/pages/publications/85218795464?origin=resultslist","Article","Final","","Scopus","2-s2.0-85218795464"
"Sharma H.; Pulkit; Sharma G.; Kumar N.","Sharma, Himanshu (59729101400); Pulkit (58079982000); Sharma, Gitika (56527703400); Kumar, Neeraj (57206866080)","59729101400; 58079982000; 56527703400; 57206866080","Secrecy Maximization for Pico Edge Users in 5G Backhaul HWNs: A Quantum RL Approach","2022","International Symposium on Advanced Networks and Telecommunication Systems, ANTS","2022-December","","","207","212","2","10.1109/ANTS56424.2022.10227807","https://www.scopus.com/pages/publications/85171788974?origin=resultslist","Conference paper","Final","","Scopus","2-s2.0-85171788974"
"","","","10th EAI International Conference on Industrial Networks and Intelligent Systems, INISCOM 2024","2024","Lecture Notes of the Institute for Computer Sciences, Social-Informatics and Telecommunications Engineering, LNICST","595 LNICST","","","","","0","","https://www.scopus.com/pages/publications/85200963168?origin=resultslist","Conference review","Final","","Scopus","2-s2.0-85200963168"
"Ouamri M.A.; Adam A.B.M.; Elhassan M.A.M.","Ouamri, Mohamed Amine (56624530900); Adam, Abuzar B.M. (57212342854); Elhassan, Mohammed A.M. (57209294275)","56624530900; 57212342854; 57209294275","Quantum Deep Reinforcement Learning for Secure Multi-User UAV RSMA Networks","2025","2025 12th IFIP International Conference on New Technologies, Mobility and Security, NTMS 2025","","","","86","92","0","10.1109/NTMS65597.2025.11076787","https://www.scopus.com/pages/publications/105012574807?origin=resultslist","Conference paper","Final","","Scopus","2-s2.0-105012574807"
"Lin W.","Lin, Wenhao (60068976600)","60068976600","A UAV-assisted secure maritime communication system with dynamic quantum relaying and satellite collaboration","2025","Procedia Computer Science","266","","","1065","1072","2","10.1016/j.procs.2025.08.132","https://www.scopus.com/pages/publications/105014139832?origin=resultslist","Conference paper","Final","All Open Access; Gold Open Access","Scopus","2-s2.0-105014139832"
"Parthiban K.; Santhosh S.; Lakshmi M.V.; Roopa K.; Prabu A.V.","Parthiban, K. (59465988200); Santhosh, Sheeba (58359380400); Lakshmi, M. Vanitha (56565597600); Roopa, K. (59725239400); Prabu, A.V. (57209470288)","59465988200; 58359380400; 56565597600; 59725239400; 57209470288","Quantum Machine Learning for Secure Key Generation in Wireless Communication: Addressing Limitations of Classical Cryptographic Protocols","2025","National Journal of Antennas and Propagation","7","1","","198","209","1","10.31838/NJAP/07.01.24","https://www.scopus.com/pages/publications/105012607241?origin=resultslist","Article","Final","All Open Access; Gold Open Access","Scopus","2-s2.0-105012607241"
"An T.T.; Cotton S.L.; Zhang J.; Ding Y.; Duong T.Q.","An, To Truong (59486832600); Cotton, Simon L. (16023895100); Zhang, Junqing (56586277400); Ding, Yuan (55255980000); Duong, Trung Q. (14009246700)","59486832600; 16023895100; 56586277400; 55255980000; 14009246700","LoRa Radio Frequency Fingerprinting Identification Using a Hybrid Quantum-Classical Neural Network","2024","IEEE Vehicular Technology Conference","","","","","","9","10.1109/VTC2024-Fall63153.2024.10757594","https://www.scopus.com/pages/publications/85213027724?origin=resultslist","Conference paper","Final","","Scopus","2-s2.0-85213027724"
"","","","21st International Conference on Dependability of Computer Systems, DepCoS-RELCOMEX 2026","2026","Lecture Notes in Networks and Systems","2014 LNNS","","","","","0","","https://www.scopus.com/pages/publications/105042223600?origin=resultslist","Conference review","Final","","Scopus","2-s2.0-105042223600"
"Matsumine T.; Ochiai H.; Shikata J.","Matsumine, Toshiki (57191879941); Ochiai, Hideki (7201353321); Shikata, Junji (7005322216)","57191879941; 7201353321; 7005322216","Quantum Algorithms for the Physical Layer: Potential Applications to Physical Layer Security","2025","IEEE Access","13","","","13988","14009","10","10.1109/ACCESS.2025.3528443","https://www.scopus.com/pages/publications/85215220284?origin=resultslist","Article","Final","All Open Access; Gold Open Access; Green Open Access","Scopus","2-s2.0-85215220284"
"Pradhan A.; Das S.","Pradhan, Annapurna (56770708800); Das, Susmita (7406323916)","56770708800; 7406323916","Secure Quantum Federated Learning Framework for URLLC in 6G Smart Healthcare Systems","2025","2025 IEEE Future Networks World Forum: Beyond Connectivity: 6g for a Sustainable and Intelligent Future, FNWF 2025","","","","","","0","10.1109/FNWF66845.2025.11317640","https://www.scopus.com/pages/publications/105032464148?origin=resultslist","Conference paper","Final","","Scopus","2-s2.0-105032464148"
"Hoang L.-H.; Pham M.-H.; Luu Q.-T.; Nguyen V.-D.","Hoang, Le-Hung (60408950800); Pham, Minh-Hoang (60104129100); Luu, Quang-Trung (57697267200); Nguyen, Van-Dinh (7203068846)","60408950800; 60104129100; 57697267200; 7203068846","Secure Multiuser Communications with Stacked Intelligent Metasurfaces using Quantum Reinforcement Learning","2025","International Conference on Advanced Technologies for Communications","","","","","","2","10.1109/ATC67618.2025.11268562","https://www.scopus.com/pages/publications/105030658994?origin=resultslist","Conference paper","Final","","Scopus","2-s2.0-105030658994"
"Li H.; Zaminpardaz S.; Kealy A.; Greentree A.D.; Rubinov E.; Gibson B.; Choy S.","Li, Haobo (57213976631); Zaminpardaz, Safoora (55668723500); Kealy, Allison (6603374195); Greentree, Andrew D. (6601981151); Rubinov, Eldar (56736719900); Gibson, Brant (8946742900); Choy, Suelynn (55786401700)","57213976631; 55668723500; 6603374195; 6601981151; 56736719900; 8946742900; 55786401700","Quantum sensors for enhanced positioning and navigation: a comprehensive review","2026","GPS Solutions","30","1","62","","","4","10.1007/s10291-026-02030-y","https://www.scopus.com/pages/publications/105029033054?origin=resultslist","Review","Final","All Open Access; Hybrid Gold Open Access","Scopus","2-s2.0-105029033054"
"Chien S.F.; Chen S.Y.-C.; Tham M.L.; Lim H.S.; Zarakovitis C.C.; Kourtis M.A.; Wong Y.J.","Chien, Su Fong (7201952363); Chen, Samuel Yen-Chi (57218546572); Tham, Mau Luen (55277448200); Lim, Heng Siong (60538780200); Zarakovitis, Charilaos C. (34882313100); Kourtis, Michail A. (55248278600); Wong, Yi Jie (57465549100)","7201952363; 57218546572; 55277448200; 60538780200; 34882313100; 55248278600; 57465549100","Sum Secrecy Rate Optimization in UAV Communications Using Quantum Actor-Critic Reinforcement Learning","2025","IEEE Globecom Workshops, GC Wkshps","","2025","","927","932","0","10.1109/GCWkshps68340.2025.11591086","https://www.scopus.com/pages/publications/105045464005?origin=resultslist","Conference paper","Final","","Scopus","2-s2.0-105045464005"
"","","","6th International Conference on Data Science and Applications, ICDSA 2025","2026","Lecture Notes in Networks and Systems","1795 LNNS","","","","","0","","https://www.scopus.com/pages/publications/105029839337?origin=resultslist","Conference review","Final","","Scopus","2-s2.0-105029839337"
"Okine A.A.; Silvirianti; Kaddoum G.; Singh S.","Okine, Andrews A. (57204241256); Silvirianti (57194722306); Kaddoum, Georges (24587843100); Singh, Satinder (57201972257)","57204241256; 57194722306; 24587843100; 57201972257","Hybrid Quantum Federated Learning-Based Routing in USV-Aided Tactical FANETs","2026","IEEE Internet of Things Journal","13","14","","31793","31808","0","10.1109/JIOT.2026.3688164","https://www.scopus.com/pages/publications/105038148781?origin=resultslist","Article","Final","","Scopus","2-s2.0-105038148781"
"Al-Khazraji A.A.; Ali A.M.; Abdulridha T.T.; Rijab M.M.A.; Al-Janabi M.H.","Al-Khazraji, Ali Adnan (59998198400); Ali, Alaa Majeed (57220188889); Abdulridha, Taha T. (60033680700); Rijab, Mahmood M. A. (60220871700); Al-Janabi, Muthana Hatem (60139525200)","59998198400; 57220188889; 60033680700; 60220871700; 60139525200","Secure Quantum Key Distribution Over VLC Networks for Next-Generation Smart Cities","2025","International Journal of Networked and Distributed Computing","13","2","33","","","2","10.1007/s44227-025-00077-w","https://www.scopus.com/pages/publications/105023578742?origin=resultslist","Article","Final","All Open Access; Gold Open Access","Scopus","2-s2.0-105023578742"
"","","","9th EAI International Conference on Industrial Networks and Intelligent Systems, INISCOM 2023","2023","Lecture Notes of the Institute for Computer Sciences, Social-Informatics and Telecommunications Engineering, LNICST","531","","","","","0","","https://www.scopus.com/pages/publications/85176956269?origin=resultslist","Conference review","Final","","Scopus","2-s2.0-85176956269"
"Nguyen Q.M.; Narottama B.; Nguyen M.-H.T.; Sharma V.; Le Q.N.; Duong T.Q.","Nguyen, Quan Minh (60629018300); Narottama, Bhaskara (57188859054); Nguyen, Minh-Hien T. (57221612944); Sharma, Vishal (55682655583); Le, Quang Nhat (57220615791); Duong, Trung Q. (14009246700)","60629018300; 57188859054; 57221612944; 55682655583; 57220615791; 14009246700","Secure Near-Field Location Division Multiple Access via Quantum-Classical Learning Workflow","2026","IEEE Internet of Things Journal","13","14","","32185","32199","0","10.1109/JIOT.2026.3690067","https://www.scopus.com/pages/publications/105038706921?origin=resultslist","Article","Final","","Scopus","2-s2.0-105038706921"
"","","","International Conference on Internet of Everything and Quantum Information Processing, IEQIP 2023","2024","Lecture Notes in Networks and Systems","1029 LNNS","","","","","0","","https://www.scopus.com/pages/publications/85204618783?origin=resultslist","Conference review","Final","","Scopus","2-s2.0-85204618783"
"Truong An T.; Yin G.; Zhang J.; Ding Y.; Duong T.Q.; Cotton S.L.","Truong An, To (60739546200); Yin, Guolin (57546754300); Zhang, Junqing (56586277400); Ding, Yuan (55255980000); Duong, Trung Q. (14009246700); Cotton, Simon L. (16023895100)","60739546200; 57546754300; 56586277400; 55255980000; 14009246700; 16023895100","A Quantum-Optimized Training Framework for Radio Frequency Fingerprint Identification","2026","IEEE Journal on Selected Areas in Communications","44","","","5327","5340","1","10.1109/JSAC.2026.3706263","https://www.scopus.com/pages/publications/105043512091?origin=resultslist","Article","Final","All Open Access; Green Open Access","Scopus","2-s2.0-105043512091"
"","","","Proceeding of International Conference on Computing, Communication, Control and Cyber-Physical Systems, I5CPS 2026","2026","Proceeding of International Conference on Computing, Communication, Control and Cyber-Physical Systems, I5CPS 2026","","","","","","0","","https://www.scopus.com/pages/publications/105037500628?origin=resultslist","Conference review","Final","","Scopus","2-s2.0-105037500628"
"Yu K.; Chakraborty C.; Xu D.; Zhang T.; Zhu H.; Alfarraj O.; Tolba A.","Yu, Keping (56316023300); Chakraborty, Chinmay (7005340424); Xu, Dongyang (56896480300); Zhang, Tiantian (57415819400); Zhu, Honghao (57214498446); Alfarraj, Osama (36772742100); Tolba, Amr (56442428300)","56316023300; 7005340424; 56896480300; 57415819400; 57214498446; 36772742100; 56442428300","Hybrid Quantum Classical Optimization for Low-Carbon Sustainable Edge Architecture in RIS-Assisted AIoT Healthcare Systems","2024","IEEE Internet of Things Journal","11","24","","38987","38998","44","10.1109/JIOT.2024.3399234","https://www.scopus.com/pages/publications/85192727426?origin=resultslist","Article","Final","","Scopus","2-s2.0-85192727426"
"Varghese J.E.; Paul R.","Varghese, Josy Elsa (57200990997); Paul, Rahul (60640886600)","57200990997; 60640886600","Applications of Quantum Computing for Internet of Things","2026","Studies in Computational Intelligence","1256","","","79","121","0","10.1007/978-981-95-6276-3_3","https://www.scopus.com/pages/publications/105039431882?origin=resultslist","Book chapter","Final","All Open Access; Hybrid Gold Open Access","Scopus","2-s2.0-105039431882"
